{"mean": [0.0, 0.0, 0.0, 11.267400741577148, 0.0489673987030983, -0.18560439348220825, 0.0, 0.0, 0.0, 1.0], "std": [1.0, 1.0, 4.017086029052734, 31.86707305908203, 70.24584197998047, 61.044166564941406, 1.0, 1.0, 1.0, 1.0]}
