{"mean": [0.0, 0.0, -0.03428932651877403, 0.6419804096221924, 0.5162044167518616, 0.8989011645317078, -4.9175472668139264e-05, -0.0006158999167382717, 0.9347187280654907, 0.6263453364372253, 0.0020085666328668594], "std": [1, 1, 0.4498119056224823, 0.5634786486625671, 0.548143208026886, 0.5524287223815918, 0.3379838466644287, 0.15405991673469543, 0.18321070075035095, 0.22573965787887573, 1.0]}
